ts	phase	decision	why	evidence	result
2026-10-05T00:00:00Z	start	resumed the full six-opportunity scope	user clarified that the work is incomplete until the entire document scope is addressed	docs/katgpt-integration-opportunities.md; conversation	open
2026-10-05T00:00:00Z	frame	use explicit exactness boundaries for all six opportunities	cache and speculative features must not silently change MATSim route semantics or determinism	docs/katgpt-integration-opportunities.md	working
2026-10-05T00:00:00Z	design	selected calculator-owned acceleration with pinned snapshot versions	keeps existing routing callers while bounding cache validity and capability opt-ins	.audit/katgpt-routing-design-synthesis.md; /tmp/katgpt-routing-design-a.md; /tmp/katgpt-routing-design-b.md; /tmp/katgpt-routing-design-judge.md	selected by cross-judge
2026-10-05T00:00:00Z	implementation	replace per-request dense routing metadata arrays with sparse maps	one-to-one searches need parent and arrival values only for discovered nodes	14 A* tests and all 87 replanning tests pass; cargo check and fmt pass	done, performance comparison remains unmeasured
2026-10-05T00:00:00Z	profiling	add CSV and Parquet candidate and cache outcome metrics	the optimization comparison needs cache hit, candidate acceptance, validation time, and fallback data	88 replanning tests pass; CSV and Parquet profile tests pass; cargo check passes	implemented, no matched runtime comparison yet
2026-10-05T00:00:00Z	profiling-review	report validated candidates as bounds rather than early route returns	a feasible candidate with an admissible heuristic does not generally short-circuit exact A*; its value is pruning states above the bound	profile test exposed the misleading early-return expectation; CSV, Parquet, candidate, and cache tests pass	corrected metric semantics
2026-10-05T00:00:00Z	proposals	use stored-plan route frequencies as a deterministic batch proposal model	katgpt exposes a generic generator contract but has no road-route model, and its RNG and toolchain do not match this workspace	one deterministic proposal test and all 88 replanning tests pass; candidates remain exact-search validated	implemented; neural inference remains a distinct future backend
2026-10-05T00:00:00Z	algorithm-fit	do not port grid flow, verification-tier budget, or model-score pruning algorithms	they do not preserve directed road-route semantics or deterministic parallel replanning; the repo has no route model activations	local katgpt-rs implementations inspected; fit rationale recorded in the opportunity document	no further direct algorithm port needed
2026-10-05T00:33:00Z	runtime-comparison	compare route-active runs from older and optimized release binaries	fixed-plan Berlin runs do not exercise A*; use identical single-person route-active config and profile actual searches	three runs per binary; seven searches and 2,925 expansions each; route outputs and event bytes matched on first pair	exploratory only; superseded by an exact-revision 100-person comparison
2026-10-05T00:45:00Z	runtime-comparison	repeat the comparison with exact source revisions and a larger route-active population	the previous older release binary had no recorded source revision and one traveler produced noisy timings	three runs per binary from archived 789ff1c and 7307024; 380 optimized searches with 838,406 expansions; identical 2,286 route records and event bytes in the first pair; median CPU -44%, RSS -21%, wall ranges overlap	lower CPU and RSS observed at 100 people; no wall-time speedup or ten-million-person extrapolation established
2026-10-05T00:53:00Z	runtime-comparison	add a 200-person rung to the exact-revision route-active comparison	100 people is too small to show whether CPU and RSS differences persist with more routing work	three runs per binary; optimized recorded 740 searches / 1,796,027 expansions each; identical 4,482 route records and event bytes; median user CPU -46%, RSS -20%, wall ranges overlap	CPU and RSS trends repeated at 200 people; larger population ladder remains unmeasured
2026-10-05T01:07:00Z	correctness	reject disconnected candidate paths even when endpoints match	candidate disutility is used as an A* upper bound and an impossible low-cost path could prune the valid route	regression reproduced the wrong [3, 2, 5] route; the continuity fix makes it fall back to A*; 89 replanning tests pass	candidate route connectivity now checked while costs are accumulated
2026-10-05T01:35:00Z	correctness	stop ALT from claiming consistent static bounds	the candidate bound and reverse guidance compare against popped priorities, which needs a consistent heuristic; the landmark bound is admissible but its consistency is not established in this implementation	alt_heuristic_declines_consistent_static_bounds passes; 91 replanning tests pass	candidate and reverse-guidance paths now limited to the zero heuristic; production ALT routers do not use them
2026-10-05T01:35:00Z	profiling	record candidate_bound_used from the search outcome rather than from candidate validity	a validated candidate is a feasible route, so a goal-terminated A* settles the to-node first and the bound does not fire; the old field mirrored candidate_valid and overstated the savings	routing_profile_separates_candidate_validity_from_bound_use passes; CSV and Parquet profile tests pass	metric now distinguishes a valid candidate from a used bound; expect false for the bound
2026-10-05T01:35:00Z	determinism	pin the equal-support proposal tie-break to stored path order	the documented tie-break had no regression test, and support ranking made the tie reachable in real populations	equal_proposal_support_falls_back_to_stored_path_order passes; 91 replanning tests pass	tie-break pinned to the smaller stored path, independent of insertion order
2026-10-05T01:52:00Z	verification	add output-equivalence coverage for candidates and reverse guidance	the exactness argument for both paths rested on the code reading correctly, with no test that an assisted router answers identically to a plain one	candidates_and_guidance_preserve_exact_routes compares all 36 link pairs with and without a guidance candidate; both tests fail when the search is mutated to return the candidate unconditionally
2026-10-05T02:09:00Z	determinism	cover request-order independence of shared destination guidance	guidance builds a tree on the second request for a destination, so candidate availability follows arrival order while replanning runs in parallel	reverse_guidance_request_order_does_not_change_routes warms two routers with opposite orders and compares all 36 results; 434 lib tests pass	guidance state affects candidate availability only, never the returned route
